component_type,name,key,required

<<<<<<< HEAD
CPU,Dòng sản phẩm,cpu.product.line,true
=======
CPU,Dòng sản phẩm,product.line,true
>>>>>>> 93d56e32d50e0df4bcba35276a907e03749a2a82
CPU,Thế hệ CPU,cpu.generation,true
CPU,Socket,cpu.socket,true
CPU,Số nhân,cpu.cores,true
CPU,Số luồng,cpu.threads,true
CPU,Tốc độ xử lý,cpu.processing.speed,true
CPU,Cache,cpu.cache,false

Card đồ hoạ,Dung lượng,gpu.capacity,true
Card đồ hoạ,Kiểu bộ nhớ,gpu.memory.type,true
Card đồ hoạ,Giao diện bộ nhớ,gpu.memory.interface,true
Card đồ hoạ,Loại GPU,gpu.type,true
Card đồ hoạ,GPU clock,gpu.clock,true

CPU,Hãng sản xuất,manufacturer,true
Card đồ hoạ,Hãng sản xuất,manufacturer,true