name,price,product_type,component_type
AMD Ryzen 7 7800X3D,8990000,COMPONENT,CPU
Intel Core i5-14600K,7490000,COMPONENT,CPU
ASUS Dual GeForce RTX 4070 SUPER 12GB,16990000,COMPONENT,Card đồ hoạ
MSI GeForce RTX 4060 Ti 8GB Ventus 2X,10990000,COMPONENT,Card đồ hoạ
Corsair Vengeance DDR5 32GB 6000MHz,2890000,COMPONENT,RAM
Kingston Fury Beast DDR5 32GB 5600MHz,2490000,COMPONENT,RAM
MSI PRO B650M-A WIFI,4290000,COMPONENT,Bo mạch chủ
ASUS TUF Gaming B760-PLUS WIFI,4890000,COMPONENT,Bo mạch chủ
Samsung 990 PRO 1TB,3290000,COMPONENT,Ổ cứng
WD Black SN850X 1TB,2990000,COMPONENT,Ổ cứng
DeepCool AK620,1590000,COMPONENT,Tản nhiệt CPU
Thermalright Peerless Assassin 120 SE,1190000,COMPONENT,Tản nhiệt CPU
Montech AIR 903 MAX,1890000,COMPONENT,Case
Corsair 4000D Airflow,2490000,COMPONENT,Case